user_id,question,answer,correct
Camden,1,Placeholder,FALSE
Camden,2,Placeholder,TRUE
Camden,3,Placeholder,FALSE
Camden,4,Placeholder,TRUE
Camden,5,Placeholder,FALSE
Camden,6,Placeholder,TRUE
Camden,7,Placeholder,FALSE
Camden,8,Placeholder,TRUE
Camden,9,Placeholder,TRUE
Camden,10,Placeholder,FALSE
Tyler,1,Placeholder,FALSE
Tyler,2,Placeholder,FALSE
Tyler,3,Placeholder,TRUE
Tyler,4,Placeholder,TRUE
Tyler,5,Placeholder,FALSE
Tyler,6,Placeholder,FALSE
Tyler,7,Placeholder,TRUE
Tyler,8,Placeholder,FALSE
Tyler,9,Placeholder,TRUE
Tyler,10,Placeholder,FALSE
Emma,1,Placeholder,TRUE
Emma,2,Placeholder,TRUE
Emma,3,Placeholder,TRUE
Emma,4,Placeholder,FALSE
Emma,5,Placeholder,TRUE
Emma,6,Placeholder,TRUE
Emma,7,Placeholder,FALSE
Emma,8,Placeholder,FALSE
Emma,9,Placeholder,FALSE
Emma,10,Placeholder,TRUE
Taylor,1,Placeholder,TRUE
Taylor,2,Placeholder,FALSE
Taylor,3,Placeholder,FALSE
Taylor,4,Placeholder,TRUE
Taylor,5,Placeholder,TRUE
Taylor,6,Placeholder,TRUE
Taylor,7,Placeholder,TRUE
Taylor,8,Placeholder,FALSE
Taylor,9,Placeholder,TRUE
Taylor,10,Placeholder,FALSE
Robin,1,Placeholder,FALSE
Robin,2,Placeholder,TRUE
Robin,3,Placeholder,TRUE
Robin,4,Placeholder,TRUE
Robin,5,Placeholder,TRUE
Robin,6,Placeholder,FALSE
Robin,7,Placeholder,TRUE
Robin,8,Placeholder,TRUE
Robin,9,Placeholder,FALSE
Robin,10,Placeholder,FALSE
Samantha,1,Placeholder,FALSE
Samantha,2,Placeholder,FALSE
Samantha,3,Placeholder,FALSE
Samantha,4,Placeholder,FALSE
Samantha,5,Placeholder,FALSE
Samantha,6,Placeholder,FALSE
Samantha,7,Placeholder,FALSE
Samantha,8,Placeholder,TRUE
Samantha,9,Placeholder,TRUE
Samantha,10,Placeholder,TRUE
Nathan,1,Placeholder,TRUE
Nathan,2,Placeholder,TRUE
Nathan,3,Placeholder,TRUE
Nathan,4,Placeholder,TRUE
Nathan,5,Placeholder,TRUE
Nathan,6,Placeholder,TRUE
Nathan,7,Placeholder,TRUE
Nathan,8,Placeholder,FALSE
Nathan,9,Placeholder,FALSE
Nathan,10,Placeholder,TRUE
Olivia,1,Placeholder,FALSE
Olivia,2,Placeholder,TRUE
Olivia,3,Placeholder,TRUE
Olivia,4,Placeholder,FALSE
Olivia,5,Placeholder,FALSE
Olivia,6,Placeholder,FALSE
Olivia,7,Placeholder,TRUE
Olivia,8,Placeholder,FALSE
Olivia,9,Placeholder,FALSE
Olivia,10,Placeholder,TRUE
Liam,1,Placeholder,TRUE
Liam,2,Placeholder,FALSE
Liam,3,Placeholder,TRUE
Liam,4,Placeholder,FALSE
Liam,5,Placeholder,TRUE
Liam,6,Placeholder,FALSE
Liam,7,Placeholder,TRUE
Liam,8,Placeholder,FALSE
Liam,9,Placeholder,FALSE
Liam,10,Placeholder,TRUE
Sophia,1,Placeholder,FALSE
Sophia,2,Placeholder,FALSE
Sophia,3,Placeholder,TRUE
Sophia,4,Placeholder,FALSE
Sophia,5,Placeholder,TRUE
Sophia,6,Placeholder,FALSE
Sophia,7,Placeholder,TRUE
Sophia,8,Placeholder,FALSE
Sophia,9,Placeholder,TRUE
Sophia,10,Placeholder,TRUE