pin,Q1.1_problem,Q1.1_answer,Q1.1_correct,Q1.1_points,Q2.1_problem,Q2.1_answer,Q2.1_correct,Q2.1_points,Q3.1_problem,Q3.1_answer,Q3.1_correct,Q3.1_points,Q3.2_problem,Q3.2_answer,Q3.2_correct,Q3.2_points
123456,  Question 1,yes,TRUE,1,  Question 2,True,TRUE,1,  Question 3,33,FALSE,1,  Question 3,12,TRUE,0.5
234567,  Question 1,yes,TRUE,1,  Question 2,False,FALSE,1,  Question 3,33,FALSE,1,  Question 3,12,TRUE,0.5
345678,  Question 1,yes,TRUE,1,  Question 2,True,TRUE,1,  Question 3,12,TRUE,1,,,,
456789,  Question 1,yes,TRUE,1,  Question 2,False,FALSE,1,  Question 3,33,FALSE,1,  Question 3,12,TRUE,0.5
567890,  Question 1,yes,TRUE,1,  Question 2,True,TRUE,1,  Question 3,12,TRUE,1,,,,
678901,  Question 1,no,FALSE,1,  Question 2,False,FALSE,1,  Question 3,12,TRUE,1,,,,
789012,  Question 1,no,FALSE,1,  Question 2,True,TRUE,1,  Question 3,33,FALSE,1,  Question 3,12,TRUE,0.5
890123,  Question 1,no,FALSE,1,  Question 2,False,FALSE,1,  Question 3,33,FALSE,1,  Question 3,12,TRUE,0.5
901234,  Question 1,no,FALSE,1,  Question 2,True,TRUE,1,  Question 3,12,TRUE,1,,,,
000000,  Question 1,no,FALSE,1,  Question 2,False,FALSE,1,  Question 3,33,FALSE,1,  Question 3,12,TRUE,0.5